Model,Accuracy
Logistic Regression,0.640258541089566
SVC,0.6871652816251154
Decision Tree,0.8620498614958448
Random Forest,0.8893813481071099
AdaBoost,0.7562326869806094
Neural Network,0.8341643582640813
