Feature,Importance
VOLATILITY_30D,0.4102146241762778
VOLATILITY_10D,0.2843685250475988
PX_VOLUME_LOG,0.16271021800978394
LAST_PRICE,0.11758743577590672
TEXTBLOB_POLARITY,0.021644451508776193
LSTM_POLARITY,0.003474745481656712
